"Date","Facebook","Twitter","YouTube","Tumblr","Pinterest","Instagram","reddit","Google+","StumbleUpon","LinkedIn","VKontakte","Vimeo","Other"
2013-05,66.95,14.62,4.92,0,4.68,0,3.48,0.64,3.97,0.22,0.03,0.09,0.39
2013-06,62.22,18.68,4.88,0,4.89,0,3.55,0.52,4.3,0.23,0.1,0.12,0.5
2013-07,58.35,22.73,4.65,0,4.92,0,3.15,0.57,4.71,0.25,0.07,0.12,0.48
2013-08,56.86,26.01,4.8,0,4.42,0,2.7,0.52,3.95,0.24,0.02,0.1,0.38
2013-09,55.72,27.48,3.45,0,5.01,0,3.3,0.51,3.83,0.2,0.03,0.11,0.35
2013-10,55.24,27.22,2.99,4.36,3.99,0,2.26,0.39,2.88,0.15,0.03,0.1,0.4
2013-11,53.35,12.23,2.29,25.18,2.89,0,1.42,0.33,2.01,0.08,0.03,0.09,0.1
2013-12,66.05,8.4,1.59,18.97,2.16,0,0.93,0.3,1.36,0.06,0.01,0.1,0.06
2014-01,52.47,10.6,2.22,26.87,3.88,0,1.6,0.34,1.65,0.13,0.02,0.15,0.07
2014-02,59.16,9.5,1.64,22.31,3.57,0,1.72,0.32,1.48,0.1,0.03,0.13,0.05
2014-03,57.51,9.26,1.18,24.65,3.9,0,1.39,0.34,1.45,0.12,0.02,0.1,0.07
2014-04,55.52,10.01,1.55,25.4,4.02,0,1.22,0.36,1.57,0.12,0.02,0.14,0.05
2014-05,57.37,9.65,1.91,23.01,4.07,0,1.71,0.34,1.6,0.12,0.03,0.14,0.05
2014-06,59.8,9.87,2.39,20.47,3.74,0,1.44,0.4,1.59,0.09,0.02,0.11,0.07
2014-07,43.06,28.34,2.3,18.04,4.28,0,1.63,0.39,1.28,0.11,0.03,0.49,0.06
2014-08,52.74,19.66,2.16,16.44,4.64,0,2.4,0.44,1.16,0.11,0.04,0.13,0.07
2014-09,58.73,11.72,1.66,17.88,4.79,0,3.42,0.5,0.96,0.15,0.04,0.11,0.06
2014-10,62.98,12.02,1.71,15.28,4.97,0,1.46,0.43,0.78,0.16,0.08,0.08,0.05
2014-11,88.92,3.26,0.56,4.42,1.79,0,0.5,0.18,0.26,0.05,0.02,0.01,0.02
2014-12,80.99,6,0.7,7.5,3.11,0,0.81,0.37,0.4,0.05,0.03,0.02,0.03
2015-01,58.77,22.46,0.95,10.85,4.6,0,1.07,0.51,0.56,0.07,0.06,0.03,0.07
2015-02,45.75,15.23,0.06,33.56,3.24,0,0.96,0.54,0.5,0.07,0.05,0.01,0.04
2015-03,51.07,11.95,0.05,31.82,3.15,0,0.91,0.61,0.33,0.05,0.03,0,0.02
2015-04,71.02,9.62,0.05,12.94,4.14,0,1.07,0.58,0.45,0.07,0.03,0,0.04
2015-05,75.77,8.58,0.04,10.21,3.64,0,1.11,0.54,0.01,0.05,0.03,0,0.03
2015-06,78.17,8.22,0.04,8.75,3.39,0,0.82,0.49,0.02,0.04,0.02,0,0.03
2015-07,76.84,9.13,0.14,8.82,3.56,0,0.96,0.42,0.01,0.05,0.03,0,0.03
2015-08,76.3,8.05,0.31,9.3,3.75,0,1.43,0.49,0.08,0.23,0.03,0,0.02
2015-09,72.48,9.72,1.01,9.26,3.8,0,2.21,0.44,0.4,0.35,0.04,0.26,0.02
2015-10,63.15,12.52,1.62,17.93,2.84,0,0.99,0.64,0.05,0.05,0.03,0.16,0.03
2015-11,61.06,10.96,12.78,9.15,3.87,0,1.17,0.87,0.02,0.07,0.03,0,0.02
2015-12,72.62,9.67,4.79,7.86,3.26,0,0.97,0.68,0.01,0.09,0.04,0,0.02
2016-01,77.34,7.82,5.16,5.98,2.48,0,0.55,0.52,0,0.08,0.04,0,0.03
2016-02,75.63,9.03,4.64,6.97,2.56,0,0.5,0.55,0,0.05,0.05,0,0.02
2016-03,74.04,8.62,3.64,9.57,2.8,0,0.64,0.48,0,0.08,0.05,0,0.08
2016-04,71.9,7.86,4.85,10.36,3.08,0,0.72,1,0.01,0.09,0.07,0,0.07
2016-05,73.26,6.98,2.34,11.34,4.55,0,0.69,0.68,0.01,0.07,0.07,0,0.02
2016-06,75.18,6.52,1.58,11.19,4.23,0,0.69,0.4,0.02,0.12,0.03,0,0.04
2016-07,78.6,5.07,1.54,9.64,3.89,0,0.44,0.59,0,0.16,0.04,0,0.03
2016-08,76.83,6.42,1.77,9.56,4.2,0,0.43,0.59,0,0.11,0.05,0,0.03
2016-09,75.54,7.02,2.3,9.42,4.46,0,0.51,0.4,0.01,0.1,0.2,0,0.03
2016-10,79.28,5.56,0.98,7.75,4.67,0.08,0.44,0.27,0,0.14,0.79,0,0.03
2016-11,76.82,6.67,1.06,7.57,5.03,0.83,0.53,0.28,0,0.27,0.83,0.04,0.04
2016-12,79.81,6.89,0.41,5.84,5.21,0.67,0.43,0.25,0,0.15,0.16,0.15,0.02
2017-01,82.48,7.03,0.29,3.78,4.92,0.56,0.41,0.27,0,0.12,0.05,0.08,0.02
2017-02,84.12,5.67,0.24,3.77,4.8,0.51,0.33,0.31,0,0.1,0.03,0.08,0.02
2017-03,83.12,6.94,0.17,2.59,5.39,0.76,0.32,0.47,0.01,0.09,0.05,0.05,0.03
2017-04,72.83,16.18,0.69,2.01,6.35,0.74,0.36,0.57,0.02,0.12,0.08,0.02,0.03
2017-05,59.66,32.45,3.29,1.05,2.32,0.49,0.28,0.27,0.03,0.05,0.06,0.03,0.02
2017-06,85.3,6.22,3.1,1.42,2.71,0.48,0.27,0.32,0.01,0.08,0.03,0.03,0.02
2017-07,77.74,9.26,5.23,1.93,3.94,0.82,0.42,0.41,0.05,0.15,0.04,0,0.04
2017-08,76.93,7.16,6.08,2.2,5.17,0.78,0.7,0.52,0.1,0.28,0.05,0,0.03
2017-09,65.85,13.41,9.3,2.56,5.75,0.7,0.83,0.84,0.16,0.51,0.06,0,0.04
2017-10,43.83,44.08,6.04,1.13,2.83,0.55,0.43,0.76,0.12,0.18,0.03,0,0.02
2017-11,35.91,52.22,6.11,0.95,2.6,0.71,0.37,0.69,0.1,0.27,0.04,0,0.02
2017-12,29.3,59.28,6.14,0.85,2.56,0.72,0.42,0.49,0.02,0.17,0.03,0,0.02
2018-01,28.02,58.19,9.1,0.73,2.54,0.53,0.35,0.37,0.01,0.11,0.04,0,0.02
2018-02,22.17,65.75,7.64,0.72,2.29,0.56,0.3,0.37,0.01,0.14,0.03,0,0.01
2018-03,25.67,60.88,7.67,0.83,3.01,0.63,0.29,0.86,0.02,0.11,0.02,0,0.01
2018-04,27.96,60.51,5.99,0.63,3.07,0.63,0.31,0.77,0,0.08,0.04,0,0.01
2018-05,30.84,60.79,3.89,0.5,2.74,0.35,0.12,0.67,0,0.05,0.05,0,0.01
2018-06,22.4,68.53,5.05,0.49,2.06,0.49,0.26,0.62,0.01,0.06,0.01,0,0.01
2018-07,19.34,69.66,7.86,0.46,1.73,0.39,0.16,0.3,0.01,0.07,0.01,0,0.01
2018-08,19.33,68.36,9,0.47,1.97,0.44,0.11,0.23,0,0.07,0.02,0,0.01
2018-09,23.08,70.26,3.6,0.48,1.82,0.39,0.09,0.21,0,0.04,0.02,0,0.01
2018-10,21.81,70.86,3.94,0.46,1.81,0.4,0.16,0.46,0,0.06,0.03,0,0.01
2018-11,19.12,74.34,3.45,0.4,1.81,0.29,0.12,0.41,0,0.04,0.02,0,0
2018-12,15.62,76.28,4.08,0.37,2.76,0.26,0.1,0.45,0,0.04,0.03,0,0
2019-01,12.53,80.28,3.55,0.25,2.79,0.23,0.11,0.17,0,0.04,0.04,0,0
2019-02,12.41,80.24,3.51,0.25,3.06,0.23,0.09,0.14,0,0.03,0.02,0,0.01
2019-03,11.21,82.62,1.69,0.21,3.61,0.27,0.16,0.14,0,0.03,0.05,0,0
2019-04,15.46,75.37,2.32,0.32,5.61,0.52,0.13,0.02,0.01,0.1,0.13,0,0.01
2019-05,21.18,70.14,2.92,0.33,4.56,0.49,0.12,0,0.01,0.08,0.15,0,0.01
2019-06,34.29,57.85,2.92,0.31,3.79,0.42,0.13,0.04,0.01,0.07,0.16,0,0.01
2019-07,25.58,64.69,3.35,0.43,4.55,0.87,0.16,0,0.01,0.1,0.25,0,0.01
2019-08,23.05,67.91,2.9,0.48,4.58,0.52,0.19,0.01,0.02,0.12,0.22,0,0.01
2019-09,23.77,67.29,2.74,0.41,4.5,0.79,0.21,0.02,0.01,0.09,0.16,0,0.01
2019-10,19.64,70.35,3.38,0.47,4.25,1.34,0.25,0.04,0.02,0.13,0.13,0,0.01
2019-11,16.34,73.76,2.85,0.44,4.7,1.34,0.18,0.17,0.01,0.12,0.08,0,0.01
2019-12,17.61,71.06,3.5,0.38,5.25,1.59,0.18,0.24,0.02,0.1,0.06,0,0.01
2020-01,20.77,67.49,3.9,0.41,4.86,2.17,0.21,0.01,0.02,0.09,0.06,0,0.01
2020-02,32.19,52.06,6.16,0.49,5.97,2.6,0.27,0,0.02,0.16,0.08,0,0.01
2020-03,37.1,46.83,8.19,0.32,5.22,2.07,0.14,0,0.02,0.05,0.05,0,0.01
2020-04,33.01,49.79,7.84,0.43,5.86,2.72,0.22,0,0.01,0.05,0.06,0,0.01
2020-05,30.22,55.12,5.26,0.45,7.53,1.06,0.27,0,0,0.03,0.06,0,0.01
2020-06,38.1,50.98,4.19,0.41,5.42,0.6,0.21,0,0,0.03,0.03,0,0.02
2020-07,36.96,52.2,4.77,0.41,4.6,0.78,0.18,0,0,0.03,0.05,0,0.02
2020-08,75.9,19.93,1.62,0.17,1.8,0.39,0.07,0,0,0.1,0.01,0,0
2020-09,74.26,20.55,2.03,0.17,2.35,0.44,0.09,0,0,0.09,0.01,0,0
2020-10,44.09,45.32,4.52,0.29,4.68,0.7,0.25,0,0.01,0.09,0.05,0,0.01
2020-11,78.91,17.25,1.65,0.11,1.6,0.29,0.13,0,0.01,0.04,0.01,0,0
2020-12,79.9,15.88,1.96,0.11,1.56,0.39,0.12,0,0.01,0.06,0.01,0,0
2021-01,73.16,18.73,5.73,0.12,1.74,0.31,0.15,0,0.01,0.04,0.01,0,0
2021-02,76.28,17.28,4.64,0.09,1.18,0.3,0.16,0,0.01,0.04,0.01,0,0.01
2021-03,72.29,16.06,9.77,0.1,1.24,0.31,0.16,0,0.01,0.05,0.02,0,0
2021-04,71.41,15.25,11.84,0.11,0.79,0.37,0.15,0,0.01,0.06,0.01,0,0.01
2021-05,67,16.96,14.47,0.12,0.84,0.38,0.16,0,0.01,0.05,0.01,0,0.01
2021-06,59.86,29.07,8.51,0.23,1.08,0.91,0.23,0,0.02,0.07,0.02,0,0
2021-07,73.07,18.67,6.43,0.24,0.8,0.5,0.18,0,0.01,0.06,0.02,0.02,0.01
2021-08,59.18,26.66,10.41,0.54,2.26,0.55,0.26,0,0.01,0.09,0.03,0,0.01
2021-09,69.22,22.8,5.26,0.28,1.25,0.67,0.32,0,0.01,0.11,0.03,0.04,0
2021-10,60.66,31.5,3.68,0.29,2.18,0.95,0.47,0,0.02,0.13,0.05,0.07,0.01
2021-11,82.04,11.35,3.85,0.11,1.27,0.78,0.44,0,0.01,0.07,0.04,0.02,0.01
2021-12,68.13,17.9,8.11,0.33,2.61,1.77,0.72,0,0.02,0.23,0.1,0.07,0.01
2022-01,43.4,22.05,23.65,0.56,5.14,2.9,1.53,0,0.03,0.31,0.12,0.29,0.02
2022-02,28.91,20,42.91,0.34,4.16,2.36,0.94,0,0,0.09,0.09,0.19,0.02
2022-03,29.1,41.85,20.43,0.34,4.11,2.63,1.1,0,0,0.17,0.09,0.17,0.01
2022-04,31.46,26.1,32.66,0.39,4.83,3,1.14,0,0,0.11,0.14,0.13,0.04
2022-05,26.95,31.64,32.33,0.45,5.16,2.27,0.89,0,0,0.1,0.12,0.05,0.04
2022-06,26.86,27.23,38.33,0.35,4.25,1.91,0.7,0,0,0.1,0.23,0,0.03
2022-07,37.37,39.34,14.73,0.41,3.71,3.41,0.66,0,0,0.15,0.18,0.02,0.03
2022-08,42.99,35.49,11.58,0.39,4.01,4.07,1,0,0,0.23,0.18,0.02,0.04
2022-09,42.56,24.18,23.16,0.31,4.91,3.53,0.95,0,0,0.19,0.16,0,0.03
2022-10,83.62,10.35,2.35,0.12,1.73,1.42,0.27,0,0.02,0.06,0.06,0,0.01
2022-11,94.74,3.18,0.75,0.07,0.53,0.56,0.12,0,0.01,0.03,0.02,0,0.01
2022-12,94.14,3.15,1.32,0.05,0.44,0.78,0.08,0,0,0.02,0.01,0,0
2023-01,93.14,4.02,1.48,0.06,0.58,0.59,0.08,0,0.01,0.02,0.01,0,0
2023-02,94,3.05,1.74,0.05,0.52,0.53,0.07,0,0,0.02,0.01,0,0
2023-03,94.49,3.12,1.07,0.04,0.5,0.63,0.1,0,0,0.02,0.01,0,0
2023-04,95.11,2.16,1.55,0.04,0.36,0.67,0.06,0,0,0.02,0.02,0,0
2023-05,94.33,2.98,1.1,0.05,0.42,1.02,0.06,0,0,0.02,0.03,0,0
