"Date","Facebook","Twitter","Pinterest","Tumblr","YouTube","Instagram","reddit","StumbleUpon","LinkedIn","Google+","mixi","VKontakte","news.ycombinator.com","Fark","Vimeo","Digg","Other"
2013-05,48.85,32.91,4.26,0,6.72,0,2.94,2.48,0.18,0.56,0.66,0.02,0,0.08,0.13,0.03,0.2
2013-06,46.61,36.52,3.87,0,6.34,0,2.51,2.09,0.16,0.53,0.71,0.03,0,0.09,0.27,0.03,0.23
2013-07,50.1,33.48,3.73,0,6.58,0,2.19,2.11,0.16,0.65,0.41,0.02,0,0.08,0.22,0.08,0.19
2013-08,51.47,33.77,3.57,0,5.97,0,1.83,1.79,0.17,0.54,0.48,0.02,0,0.07,0.11,0.11,0.1
2013-09,46.71,36.44,6.13,0,5.45,0,1.94,1.94,0.13,0.51,0.41,0.01,0,0.05,0.1,0.07,0.11
2013-10,55.9,31.17,3.05,2.91,3.37,0,1.33,1.32,0.09,0.32,0.23,0.01,0,0.03,0.11,0.08,0.07
2013-11,56.91,21.54,2.45,13.74,2.74,0,1,0.94,0.06,0.24,0.19,0.01,0,0.03,0.08,0.06,0.02
2013-12,46.78,22.85,3.28,20,3.45,0,1.31,1.32,0.11,0.39,0.23,0.02,0,0.04,0.06,0.1,0.05
2014-01,50.82,22.32,3.61,17.56,2.45,0,1.24,1.09,0.09,0.37,0.25,0.02,0,0.02,0.05,0.08,0.02
2014-02,51.58,21.48,3.76,16.99,2.67,0,1.71,1.04,0.08,0.32,0.21,0.01,0,0.03,0.04,0.06,0.03
2014-03,49.48,22.46,3.71,19.29,1.91,0,1.31,0.94,0.08,0.38,0.24,0.01,0,0.03,0.04,0.08,0.04
2014-04,44.47,33.49,3.49,15.14,1.01,0,0.85,0.8,0.09,0.31,0.18,0.02,0,0.02,0.05,0.05,0.03
2014-05,47.35,33.77,3.41,11.84,1.06,0,1.01,0.84,0.07,0.31,0.17,0.02,0,0.02,0.04,0.07,0.02
2014-06,46.16,38.21,5.17,7.45,0.97,0,0.78,0.59,0.05,0.3,0.13,0.02,0,0.01,0.03,0.05,0.09
2014-07,46.07,39.84,2.76,8.07,0.87,0,1.02,0.59,0.06,0.38,0.18,0.02,0.03,0.02,0.04,0.05,0.02
2014-08,50.54,37.67,2.44,6.57,0.39,0,1.08,0.54,0.04,0.35,0.21,0.02,0.03,0.01,0.05,0.03,0.01
2014-09,48.55,40.53,2.3,5.75,0.51,0,1.27,0.4,0.04,0.35,0.16,0.02,0.02,0.01,0.04,0.04,0.01
2014-10,57.85,31.95,2.44,5.51,0.47,0,0.78,0.38,0.05,0.28,0.15,0.02,0.02,0.01,0.04,0.04,0.01
2014-11,57.66,32.09,2.5,5.52,0.43,0,0.84,0.35,0.05,0.28,0.17,0.03,0.03,0.01,0.02,0.02,0.01
2014-12,56.49,34.25,2.39,4.93,0.17,0,0.78,0.34,0.04,0.3,0.21,0.02,0.03,0.01,0.01,0.03,0.02
2015-01,60.01,31.42,2.27,4.46,0.18,0,0.69,0.32,0.03,0.3,0.11,0.06,0.03,0.03,0.02,0.05,0
2015-02,57.42,33.44,2.23,4.85,0.07,0,0.85,0.38,0.03,0.44,0.14,0.05,0.02,0.02,0.01,0.04,0.01
2015-03,62.64,28.72,1.93,4.87,0.07,0,0.83,0.29,0.03,0.42,0.12,0.03,0.01,0.01,0,0.02,0
2015-04,63.74,27.81,2.05,4.86,0.04,0,0.66,0.29,0.02,0.35,0.08,0.02,0.04,0.01,0,0.02,0
2015-05,73.95,18.2,1.98,4.41,0.04,0,0.71,0.25,0.02,0.27,0.11,0.01,0.03,0.01,0,0.02,0
2015-06,71.75,19.38,2.52,4.72,0.04,0,0.71,0.29,0.02,0.36,0.12,0.02,0.02,0.01,0,0.02,0
2015-07,71.59,18.06,2.99,5.35,0.13,0,0.95,0.31,0.03,0.37,0.13,0.02,0.04,0.01,0,0.01,0.01
2015-08,73.97,15.35,2.97,5.42,0.25,0,1.06,0.34,0.06,0.33,0.16,0.02,0.02,0.01,0,0.01,0
2015-09,73.88,14.61,3.29,5.51,0.27,0,1.27,0.47,0.1,0.36,0.17,0.03,0.02,0.01,0,0.01,0
2015-10,71.7,16.53,3.68,5.75,0.22,0,1.05,0.41,0.06,0.32,0.18,0.03,0.03,0.01,0,0.01,0
2015-11,68.6,17.14,3.91,7.88,0.31,0,1.3,0.31,0.05,0.29,0.15,0.02,0.03,0.01,0,0.01,0
2015-12,70.2,16.87,4.37,5.93,0.29,0,1.4,0.38,0.05,0.3,0.13,0.03,0.04,0.01,0,0.01,0
2016-01,69.98,17.92,4.11,5.58,0.35,0,1.1,0.33,0.09,0.37,0.11,0.04,0.02,0.01,0,0.01,0
2016-02,71.94,17.17,4.07,4.95,0.19,0,0.8,0.31,0.08,0.28,0.11,0.03,0.02,0.02,0,0.01,0.01
2016-03,72.16,17.5,3.07,5.32,0.18,0,0.96,0.25,0.1,0.23,0.12,0.04,0.02,0.02,0,0.01,0.02
2016-04,75.11,15.11,2.74,5.13,0.22,0,0.84,0.3,0.09,0.22,0.1,0.04,0.04,0.01,0,0.01,0.02
2016-05,74.18,14.67,4.31,5.04,0.17,0,0.87,0.28,0.07,0.22,0.09,0.04,0.03,0.02,0,0.01,0
2016-06,72.44,15.08,4.56,5.96,0.19,0,1.01,0.26,0.11,0.19,0.09,0.04,0.03,0.03,0,0.01,0
2016-07,72.65,14.81,4.81,5.67,0.15,0,0.84,0.48,0.21,0.18,0.06,0.03,0.03,0.06,0,0.01,0
2016-08,71.77,14.37,5.87,6.19,0.17,0,0.81,0.26,0.14,0.2,0.07,0.04,0.03,0.07,0,0.01,0
2016-09,73.39,12.6,6.57,5.69,0.15,0,0.77,0.22,0.13,0.22,0.06,0.11,0.02,0.04,0,0.01,0
2016-10,73.66,13.07,5.95,4.66,0.92,0.1,0.69,0.16,0.24,0.24,0.05,0.16,0.02,0.08,0,0,0
2016-11,64.19,18.66,5.55,4.29,1.86,0.57,0.89,0.17,2.82,0.33,0.05,0.54,0.02,0.05,0,0.01,0.01
2016-12,67.8,10.16,2.72,2.02,0.61,13.9,0.5,0.08,1.99,0.12,0.02,0.05,0.01,0.01,0,0,0.01
2017-01,72.56,7.69,3.34,2.6,0.33,12.29,0.49,0.08,0.34,0.14,0.03,0.07,0.02,0.01,0.02,0,0.01
2017-02,71.97,15.19,4.93,3.5,0.28,3.03,0.46,0.11,0.14,0.22,0.04,0.04,0.02,0.02,0.03,0,0.01
2017-03,69.56,13.88,5.2,3.18,0.11,7.19,0.33,0.1,0.11,0.18,0.04,0.05,0.03,0.03,0,0,0.01
2017-04,68,12.8,7.38,3.45,0.43,6.8,0.43,0.14,0.14,0.21,0.06,0.06,0.05,0.03,0,0,0.01
2017-05,66.91,14.45,6.43,2.55,1.8,6.6,0.56,0.14,0.13,0.19,0.07,0.09,0.03,0.04,0,0.01,0.01
2017-06,62.73,14.11,6.15,2.5,2.86,10.44,0.48,0.14,0.16,0.18,0.08,0.05,0.05,0.03,0,0,0.01
2017-07,71.13,13.32,5.84,2.49,5.35,0.8,0.47,0.12,0.2,0.1,0.06,0.05,0.03,0.03,0,0,0.01
2017-08,63.34,14.85,7.11,2.23,9.89,1.22,0.61,0.12,0.22,0.2,0.06,0.09,0.02,0.03,0,0,0.01
2017-09,63.32,14.18,8.3,2.23,9.27,0.82,0.82,0.21,0.31,0.33,0.08,0.06,0.04,0.01,0,0,0.01
2017-10,52.47,24.57,8.57,2.27,9.16,0.96,0.87,0.3,0.3,0.26,0.12,0.07,0.06,0.01,0,0.01,0.01
2017-11,47.36,22.24,11.2,2.55,12.47,1.76,1.02,0.35,0.48,0.33,0.08,0.08,0.04,0.01,0,0,0.01
2017-12,37.03,42.47,7.65,1.61,6.73,3.11,0.73,0.1,0.23,0.17,0.05,0.07,0.02,0.01,0,0.01,0.01
2018-01,52.27,20.58,9.79,1.95,7.27,6.8,0.7,0.11,0.17,0.1,0.07,0.11,0.03,0.02,0,0,0.01
2018-02,39.32,29.08,13.73,2.58,10.62,2.29,1.41,0.15,0.39,0.19,0.09,0.09,0.03,0.01,0,0,0.01
2018-03,27.42,44.26,11.02,2.7,10.57,1.98,1.01,0.15,0.27,0.41,0.09,0.05,0.04,0.01,0,0,0.01
2018-04,39.69,23.98,13.16,3.15,14.82,2.82,1.06,0.16,0.27,0.6,0.13,0.11,0.03,0.02,0,0,0.01
2018-05,43.85,22.28,12.89,2.49,13.37,3.12,0.58,0.13,0.23,0.5,0.21,0.24,0.06,0.02,0.03,0,0.01
2018-06,37.48,28.57,10.95,2.29,15.01,4.04,0.51,0.08,0.27,0.41,0.28,0.06,0.02,0.01,0.01,0,0.01
2018-07,39.33,25.24,10.67,2.47,16.94,3.89,0.41,0.05,0.25,0.39,0.23,0.04,0.03,0.02,0.02,0,0.01
2018-08,35.04,24.18,12.18,2.56,20.19,4.62,0.4,0,0.3,0.19,0.17,0.07,0.06,0.01,0.01,0.01,0.01
2018-09,47.82,19.16,10.73,2.28,14.07,4.85,0.32,0,0.26,0.25,0.17,0.06,0.02,0.01,0.01,0,0.01
2018-10,42.66,24.85,11.6,2.22,12.14,5.31,0.46,0.03,0.19,0.22,0.17,0.08,0.04,0.01,0.01,0.01,0
2018-11,32.48,37.13,13.15,2.26,9.21,4.35,0.44,0.03,0.26,0.39,0.15,0.07,0.04,0.01,0.01,0.01,0.01
2018-12,31.61,32.17,17.44,2.79,9.27,4.96,0.62,0.06,0.36,0.31,0.15,0.16,0.03,0.02,0.01,0,0.03
2019-01,20.25,53.63,13.25,1.2,7.32,3.3,0.39,0.01,0.2,0.19,0.1,0.09,0.02,0.01,0.01,0,0.02
2019-02,27.18,35.77,18.37,1.41,12.46,3.18,0.73,0,0.33,0.19,0.14,0.08,0.12,0.02,0.01,0,0
2019-03,22.46,25.15,29.6,1.28,14.6,5.61,0.57,0.01,0.3,0.15,0.11,0.13,0.02,0.01,0.01,0,0
2019-04,19.82,21.42,29.88,0.94,22.98,3.65,0.72,0.02,0.29,0.02,0.06,0.11,0.06,0.01,0.01,0,0
2019-05,24.99,18.72,32.3,0.98,17.93,3.9,0.65,0.01,0.28,0.01,0.08,0.11,0.03,0.01,0.01,0,0
2019-06,23.96,22.68,33.64,0.98,15.37,2.33,0.53,0,0.27,0.02,0.06,0.12,0.02,0.01,0.01,0,0
2019-07,19.67,25.03,41.27,0.96,9.78,2.14,0.65,0.01,0.22,0,0.12,0.14,0.01,0.01,0.01,0,0.01
2019-08,20.86,23.94,44.29,0.92,7.48,1.84,0.29,0,0.18,0,0.06,0.11,0.01,0.01,0.01,0,0
2019-09,23.78,22.81,38.52,0.78,10.75,2.54,0.41,0,0.21,0,0.04,0.1,0.04,0,0.01,0,0.01
2019-10,21.64,33.35,31.34,1.09,7.63,3.97,0.46,0,0.3,0,0.04,0.1,0.07,0.01,0,0,0
2019-11,21.72,30.38,35.86,1.04,5.76,4.37,0.43,0,0.3,0,0.01,0.07,0.04,0.01,0,0,0
2019-12,24.68,35.28,25.22,0.9,7.42,5.58,0.49,0.01,0.24,0,0.09,0.06,0.04,0,0,0,0
2020-01,20.13,42.26,22.3,0.86,7.07,6.53,0.49,0,0.17,0,0.06,0.07,0.04,0,0.01,0,0
2020-02,22.25,42.77,17.92,0.84,9.59,5.61,0.56,0,0.3,0,0.06,0.07,0.01,0,0.01,0,0
2020-03,19.42,48.09,14.64,0.46,12.26,4.79,0.2,0,0.06,0,0.01,0.04,0.02,0.01,0,0,0
2020-04,18.65,46.13,17.51,0.67,11.13,5.37,0.35,0,0.1,0,0.01,0.05,0.02,0,0,0,0
2020-05,28.23,31.42,28.91,1.11,6.04,3.44,0.57,0,0.15,0,0.01,0.07,0.04,0.01,0,0,0
2020-06,31.18,32.03,26.16,1.05,6.05,2.64,0.55,0,0.19,0,0.01,0.07,0.06,0.01,0,0,0
2020-07,26.78,33.62,27.83,1.3,7.02,2.34,0.69,0,0.25,0,0.01,0.08,0.08,0.01,0,0,0
2020-08,26.31,34.55,26.29,1.33,7.43,3.04,0.55,0,0.33,0.01,0.01,0.09,0.05,0.01,0,0,0
2020-09,25.19,32.07,29.01,1.12,7.83,3.84,0.49,0,0.29,0,0.01,0.05,0.08,0.01,0,0,0
2020-10,21.14,39.1,27.16,1.02,7.91,2.81,0.5,0.01,0.24,0,0.02,0.04,0.05,0.01,0,0,0
2020-11,17.47,52.25,19.68,0.83,6.35,2.66,0.44,0.01,0.21,0,0.03,0.03,0.04,0.01,0,0,0
2020-12,18.03,47.88,21.57,1.03,6.99,3.37,0.54,0.01,0.41,0,0.02,0.04,0.08,0.01,0,0,0.01
2021-01,14.28,58.34,16.16,0.8,6.7,2.69,0.65,0.03,0.22,0,0.01,0.02,0.05,0.01,0,0,0.04
2021-02,18.45,49.28,19.4,0.75,7.69,3.38,0.59,0.01,0.26,0,0.02,0.05,0.09,0.02,0,0,0.01
2021-03,19.62,47.69,20.02,0.82,6.98,3.24,1,0.01,0.41,0,0.02,0.1,0.05,0.01,0,0,0.02
2021-04,18.99,46.84,18.86,1.14,8.15,4.37,0.81,0.02,0.57,0,0.02,0.07,0.12,0.01,0,0,0.03
2021-05,18.64,46.32,18.59,1.28,9.38,3.97,0.96,0.01,0.41,0,0.02,0.05,0.13,0.01,0,0,0.22
2021-06,16.83,51.88,16.6,1.55,7.79,4.02,0.77,0.01,0.4,0,0.02,0.05,0.02,0.02,0,0,0.04
2021-07,17.48,47.72,17.06,2.49,9.16,3.97,1.19,0.01,0.66,0,0.02,0.06,0.09,0.01,0.02,0,0.07
2021-08,12.85,51.82,16.23,3.75,10.44,3.51,0.64,0.01,0.53,0,0.07,0.06,0.03,0.02,0,0,0.01
2021-09,14.46,44.86,19.75,2.32,9.89,7.42,0.72,0.01,0.37,0,0.04,0.06,0.04,0.02,0.03,0,0.01
2021-10,15,44.66,21.81,1.38,8.96,6.72,0.87,0.01,0.36,0,0.04,0.07,0.07,0.01,0.03,0,0.01
2021-11,14.83,44.2,22.43,1.03,7.02,8.26,1.25,0.01,0.52,0,0.04,0.24,0.13,0.01,0.01,0,0
2021-12,17.7,44.84,20.78,1.15,6.13,7.75,0.94,0.01,0.5,0,0.04,0.05,0.05,0.01,0.03,0,0
2022-01,14.82,48.47,19.93,0.94,5.8,8.61,0.81,0.01,0.39,0,0.05,0.04,0.06,0.01,0.04,0,0.01
2022-02,14.37,46.97,21.16,0.63,5.54,10.06,0.74,0,0.37,0,0.02,0.04,0.06,0.02,0.04,0,0
2022-03,14.7,52.06,16.16,0.57,5.21,9.78,0.97,0,0.38,0,0.01,0.05,0.02,0.01,0.08,0,0.01
2022-04,17.01,47.33,16.75,0.62,6.24,10.31,1.07,0,0.38,0,0.01,0.06,0.09,0.01,0.1,0,0.01
2022-05,18.1,49.5,18.39,0.53,4.78,7.22,0.86,0,0.37,0,0.01,0.08,0.1,0.02,0.01,0,0.01
2022-06,19.35,47.64,16.64,0.54,4.76,9.73,0.85,0,0.29,0,0.01,0.12,0.07,0.01,0,0,0
2022-07,20.94,50.34,13.42,0.64,4.18,9,0.91,0,0.41,0,0.01,0.06,0.06,0.01,0.01,0,0
2022-08,17.19,53.39,13.83,0.61,4.28,9.07,1.02,0,0.37,0,0.01,0.09,0.08,0.01,0.02,0,0.03
2022-09,16.44,49.85,16.96,0.65,4.35,10.22,0.96,0,0.42,0,0.01,0.07,0.05,0.01,0,0,0
2022-10,14.17,56.32,14.54,0.66,3.99,8.78,0.87,0.02,0.51,0,0.01,0.05,0.06,0.01,0,0,0
2022-11,19.58,48.86,14.64,1.18,3.55,9.95,1.31,0.02,0.7,0,0.01,0.05,0.14,0.01,0,0,0
2022-12,24.26,44.55,12.05,0.73,3.65,13.32,0.87,0.02,0.43,0,0.01,0.04,0.06,0.01,0,0,0.01
2023-01,20.84,52.45,11.91,0.51,3.61,9.41,0.48,0.01,0.68,0,0.01,0.03,0.05,0.01,0,0,0.01
2023-02,22.55,48.27,13.78,0.57,3.32,9.97,0.56,0.02,0.77,0,0.01,0.1,0.08,0.01,0,0,0.01
2023-03,23.11,49.51,12.39,0.48,2.95,10.06,0.52,0.02,0.78,0,0,0.1,0.05,0.01,0,0,0
2023-04,20.8,53.06,10.26,0.54,2.62,11.46,0.51,0.01,0.5,0,0.01,0.14,0.06,0.01,0,0,0
2023-05,21.84,50.58,11.57,0.59,2.98,11.07,0.52,0.01,0.66,0,0,0.12,0.05,0.01,0,0,0
