"Date","Facebook","Twitter","Pinterest","Tumblr","Instagram","reddit","StumbleUpon","YouTube","LinkedIn","Google+","VKontakte","news.ycombinator.com","Fark","Digg","Other"
2013-05,61.95,19.34,3.69,0,0,4.53,6.93,2.75,0.34,0.24,0.03,0,0.02,0.02,0.16
2013-06,62.61,19.93,3.73,0,0,4.06,6.25,2.46,0.36,0.24,0.03,0,0.04,0.03,0.27
2013-07,58.82,22.21,4.1,0,0,4.13,6.92,2.71,0.46,0.3,0.01,0,0.03,0.05,0.27
2013-08,54.96,23.91,4.69,0,0,4.49,7.85,3.02,0.53,0.32,0.02,0,0.03,0.07,0.13
2013-09,52.65,24.9,5.15,0,0,5.69,7.78,2.86,0.46,0.32,0.01,0,0.02,0.04,0.12
2013-10,57.39,21.34,4.37,2.67,0,4.05,6.79,2.48,0.38,0.28,0.02,0,0.02,0.06,0.14
2013-11,57.29,13.97,3.23,15.33,0,2.69,5.01,1.89,0.24,0.22,0.02,0,0.02,0.04,0.04
2013-12,52.99,15.25,3.15,17.82,0,2.95,5.14,2.09,0.22,0.22,0.02,0,0.02,0.07,0.07
2014-01,56.83,13.98,4.17,15.32,0,2.99,4.36,1.74,0.26,0.22,0.02,0,0.01,0.04,0.05
2014-02,56.92,13.06,4.72,14.38,0,4.38,4.38,1.58,0.25,0.23,0.01,0,0.01,0.03,0.04
2014-03,56.58,13.67,4.99,15.81,0,3.08,4.09,1.19,0.25,0.22,0.01,0,0.02,0.05,0.04
2014-04,58.74,12.99,4.97,15.2,0,2.88,3.94,0.83,0.15,0.21,0.02,0.01,0.01,0.03,0.03
2014-05,58.12,14.09,5.07,14.01,0,3.31,4.24,0.78,0.06,0.23,0.02,0,0.01,0.03,0.03
2014-06,63.08,13.65,4.17,11.71,0,2.95,3.54,0.56,0.04,0.22,0.01,0,0.01,0.02,0.04
2014-07,63.02,17.07,4.7,7.88,0,3.19,3.06,0.55,0.13,0.26,0.03,0.04,0.01,0.02,0.04
2014-08,68.89,15.23,4.16,4.92,0,3.27,2.79,0.24,0.11,0.23,0.03,0.02,0.01,0.02,0.09
2014-09,73.39,11.97,3.34,3.68,0,5.08,1.92,0.26,0.1,0.18,0.01,0.03,0.01,0.01,0.02
2014-10,76.07,11.1,4.06,3.64,0,2.61,1.83,0.31,0.1,0.19,0.03,0.02,0.01,0.02,0.02
2014-11,75.12,11.61,4.44,3.78,0,2.48,1.83,0.31,0.09,0.19,0.07,0.03,0,0.01,0.02
2014-12,81.06,8.92,3.2,3.01,0,2.03,1.39,0.06,0.06,0.16,0.07,0.03,0,0.01,0.01
2015-01,78.21,10.37,4.29,3.03,0,1.97,1.53,0.05,0.07,0.19,0.23,0.03,0.01,0.01,0.01
2015-02,78.55,10.25,3.85,3,0,2.23,1.6,0.03,0.09,0.2,0.15,0.03,0.01,0.01,0.01
2015-03,81.95,8.09,3.39,2.68,0,2.27,1.28,0.03,0.05,0.2,0.04,0.01,0,0.01,0
2015-04,82.22,8.19,3.29,2.76,0,1.82,1.43,0.02,0.05,0.17,0.01,0.03,0,0.01,0
2015-05,82.04,8.22,3.42,2.76,0,1.95,1.32,0.02,0.04,0.17,0.01,0.03,0,0.01,0
2015-06,82.03,8.2,3.64,2.72,0,1.81,1.31,0.02,0.06,0.17,0.01,0.02,0.01,0.01,0
2015-07,80.97,8.58,4.13,2.71,0,2.06,1.22,0.04,0.07,0.16,0.02,0.03,0,0.01,0
2015-08,79.22,9.26,4.69,2.94,0,2.1,1.35,0.1,0.09,0.2,0.01,0.02,0,0.01,0
2015-09,78.86,9.49,4.62,2.84,0,2.43,1.28,0.09,0.13,0.2,0.02,0.02,0.01,0.01,0
2015-10,79.79,8.68,4.9,3.01,0,2.09,1.11,0.07,0.12,0.19,0.01,0.03,0,0.01,0
2015-11,81.82,7.88,4.32,2.41,0,2.24,0.91,0.1,0.1,0.18,0.01,0.02,0,0.01,0
2015-12,81.03,8.25,4.26,2.74,0,2.25,0.99,0.16,0.09,0.17,0.02,0.03,0,0.01,0
2016-01,82.17,7.42,4.83,2.41,0,1.78,0.88,0.19,0.1,0.16,0.03,0.01,0,0.01,0
2016-02,82.34,7.61,4.95,2.2,0,1.65,0.8,0.13,0.16,0.1,0.03,0.02,0.01,0.01,0
2016-03,82.56,8.34,3.4,2.54,0,1.84,0.86,0.14,0.18,0.09,0.03,0.02,0.01,0.01,0
2016-04,82.11,8.35,3.31,2.77,0,2.09,0.78,0.19,0.18,0.1,0.06,0.04,0.01,0.01,0.01
2016-05,81.13,7.47,5.34,2.76,0,2.03,0.81,0.13,0.15,0.1,0.04,0.03,0.01,0.01,0
2016-06,81.24,7.86,5.28,2.87,0,1.58,0.72,0.12,0.17,0.09,0.02,0.02,0.02,0.01,0
2016-07,81.78,7.84,5.23,2.67,0,1.27,0.76,0.11,0.19,0.08,0.02,0.02,0.03,0.01,0
2016-08,80.25,8.16,5.98,3.01,0,1.34,0.81,0.09,0.17,0.08,0.04,0.03,0.04,0.01,0
2016-09,80.47,7.93,6.19,2.82,0,1.39,0.79,0.06,0.19,0.09,0.04,0.01,0.02,0.01,0
2016-10,79.28,7.2,7.35,2.85,0.18,1.74,0.84,0.13,0.19,0.09,0.07,0.02,0.05,0.01,0
2016-11,80.75,6.56,6.36,2.61,0.92,1.43,0.79,0.12,0.21,0.07,0.1,0.03,0.03,0.01,0
2016-12,80.72,6.73,6.05,2.89,1.08,1.2,0.77,0.12,0.24,0.08,0.09,0.02,0.02,0.01,0
2017-01,87.08,4.53,4.61,1.75,0.53,0.73,0.42,0.08,0.14,0.05,0.05,0.02,0.01,0,0
2017-02,83.87,5.64,6.05,2.16,0.57,0.76,0.51,0.08,0.22,0.05,0.04,0.02,0.02,0,0
2017-03,79.62,8.6,6.67,2.24,0.88,0.87,0.56,0.1,0.3,0.06,0.05,0.03,0.03,0.01,0
2017-04,74.13,11.96,7.78,2.18,0.92,1.6,0.63,0.31,0.24,0.06,0.11,0.03,0.03,0.01,0
2017-05,75.06,13.58,5.7,1.58,0.73,1.5,0.57,0.81,0.25,0.06,0.12,0.02,0.03,0.01,0
2017-06,75.56,13.24,5.9,1.33,0.94,1.01,0.45,1.14,0.29,0.06,0.05,0.03,0.02,0.01,0
2017-07,77.28,11.08,6.02,1.36,1.06,0.81,0.46,1.53,0.25,0.05,0.04,0.02,0.02,0.01,0
2017-08,78.5,9.47,5.62,1.06,1.23,1.31,0.45,1.96,0.21,0.06,0.07,0.02,0.02,0,0
2017-09,73.24,11.13,6.6,1.4,2.49,2.58,0.56,1.45,0.33,0.1,0.1,0.03,0.01,0,0
2017-10,70.8,12.39,7.15,1.36,1.94,3.61,0.56,1.48,0.49,0.09,0.09,0.04,0,0,0
2017-11,67.04,12.97,8.1,1.38,3.01,3.68,0.61,2.33,0.63,0.08,0.11,0.04,0,0,0
2017-12,72.88,10.09,6.63,1.24,2.57,3.37,0.48,2.25,0.31,0.06,0.09,0.02,0.01,0,0
2018-01,70.34,11.3,8.34,1.31,3.6,1.66,0.53,2.46,0.29,0.06,0.06,0.04,0.01,0,0
2018-02,66.58,12.58,10.21,1.7,3.23,1.45,0.7,3.04,0.38,0.07,0.04,0.02,0.01,0,0
2018-03,61.12,14.61,10.92,2.1,4.12,1.53,0.77,4.14,0.48,0.12,0.03,0.04,0.01,0,0
2018-04,58.85,15.75,12.85,2.06,3.42,1.55,0.65,4.05,0.5,0.21,0.07,0.03,0.01,0,0
2018-05,58.8,15.87,12.89,1.99,3.23,1.41,0.63,4.26,0.6,0.17,0.07,0.06,0.01,0,0.01
2018-06,55.92,16.74,13.51,2.31,3.93,1.01,0.53,4.98,0.77,0.18,0.08,0.02,0.01,0,0.01
2018-07,64.54,14.89,10.07,1.77,2.99,0.68,0.24,3.93,0.63,0.13,0.09,0.03,0.01,0,0.01
2018-08,64.21,14.65,12.12,1.77,2.71,0.81,0,2.93,0.56,0.11,0.07,0.04,0.01,0,0
2018-09,68.65,11.87,11.08,2.21,2.42,0.8,0,2.24,0.54,0.1,0.05,0.02,0,0,0
2018-10,66.6,11.57,11.96,2.89,2.83,1,0,2.5,0.42,0.12,0.05,0.05,0.01,0,0
2018-11,64.9,12.73,10.75,2.86,3.55,1.96,0,2.49,0.52,0.14,0.06,0.03,0,0,0
2018-12,70.81,10.82,9.34,2.28,2.64,1.46,0,2.03,0.47,0.08,0.05,0.02,0.01,0,0
2019-01,64.53,12.96,13.3,1.84,3.09,1.61,0,1.94,0.47,0.14,0.06,0.03,0,0,0.02
2019-02,63.88,12.08,14.59,1.94,3.38,1.21,0,1.92,0.75,0.08,0.04,0.11,0.01,0,0
2019-03,55.51,12.54,23.2,1.57,3.28,1.64,0,1.73,0.39,0.06,0.04,0.02,0,0,0.01
2019-04,61.22,12.72,16.57,1.88,3.75,0.81,0,2.44,0.45,0.01,0.06,0.07,0.01,0,0.02
2019-05,61.18,15.09,15.17,2,3.26,0.69,0,2.06,0.44,0,0.06,0.02,0.01,0,0.01
2019-06,59.57,17.19,15.61,1.91,2.59,0.64,0,1.93,0.42,0,0.07,0.04,0.01,0.01,0.01
2019-07,57.66,18.74,15.78,2.03,2.97,0.43,0,1.86,0.41,0,0.07,0.02,0,0,0.01
2019-08,60.51,16.46,16.29,1.89,2.33,0.35,0,1.74,0.32,0,0.06,0.02,0.01,0.01,0
2019-09,58.09,20.25,12.91,1.51,4.76,0.37,0,1.57,0.43,0,0.06,0.04,0,0,0
2019-10,44.6,31.16,9.55,1.22,10.84,0.64,0,1.55,0.33,0,0.07,0.04,0,0,0
2019-11,43.49,30.13,9.66,1.16,12.86,0.62,0,1.62,0.32,0,0.08,0.04,0,0,0
2019-12,40.18,33.13,8.48,1.07,14.42,0.77,0,1.59,0.23,0,0.08,0.03,0,0,0.01
2020-01,37.09,35.89,9,0.98,14.47,0.72,0,1.49,0.25,0.01,0.07,0.03,0,0,0.01
2020-02,36.12,37.06,7.77,0.9,15.62,0.65,0,1.55,0.23,0,0.07,0.02,0,0,0
2020-03,39.64,35.38,6.1,0.48,16.01,0.51,0,1.63,0.21,0,0.03,0.01,0,0,0
2020-04,36.01,37.14,8.23,0.61,15.15,0.66,0,1.9,0.24,0,0.03,0.02,0,0,0
2020-05,60.3,17.47,15.35,1.13,1.77,0.93,0,2.52,0.43,0,0.05,0.05,0,0,0
2020-06,58.31,20.29,14.69,1.33,1.64,0.88,0,2.3,0.5,0,0.04,0.03,0,0,0
2020-07,55.87,20.86,16.14,1.17,1.69,0.97,0,2.61,0.56,0,0.05,0.07,0,0,0
2020-08,58.27,18.39,16.4,1.09,1.64,0.85,0,2.66,0.58,0,0.07,0.04,0.01,0,0
2020-09,55.21,23.09,14.18,1.14,1.75,0.88,0,2.92,0.68,0,0.04,0.1,0.01,0,0
2020-10,54.19,22.74,15.99,0.99,1.78,0.88,0,2.64,0.67,0,0.03,0.07,0.01,0,0
2020-11,48.32,29.32,15.57,0.89,1.99,0.89,0,2.25,0.64,0,0.04,0.06,0.01,0,0.01
2020-12,50.56,26.34,16.7,0.75,2.03,0.77,0,2.18,0.52,0,0.03,0.1,0.01,0,0.01
2021-01,52.39,25.45,14.7,0.83,2.53,0.95,0,2.46,0.61,0,0.02,0.03,0,0,0
2021-02,53.84,25.41,11.1,0.85,3.88,1.12,0.02,2.75,0.85,0,0.03,0.09,0.01,0,0.03
2021-03,56.8,22.83,10.5,0.77,4.16,1.09,0.07,2.8,0.82,0,0.03,0.05,0,0,0.07
2021-04,56.3,22.29,9.92,0.87,5.17,1.21,0.02,3.21,0.84,0,0.05,0.11,0.01,0,0.02
2021-05,56.05,23.79,8.44,0.78,5.53,1.33,0.06,2.98,0.85,0,0.04,0.1,0.01,0,0.06
2021-06,52.27,27.75,7.26,0.86,6.68,1.19,0,3.06,0.87,0,0.03,0.02,0.01,0,0
2021-07,55.9,24.29,6.35,0.92,7.71,1.35,0.01,2.56,0.77,0,0.03,0.1,0.01,0,0.01
2021-08,60.82,18.53,6.96,1.14,7.55,1.36,0.02,2.82,0.7,0,0.04,0.03,0.01,0,0.02
2021-09,64.13,15.17,7,0.84,8.07,1.38,0.01,2.53,0.77,0,0.03,0.04,0.01,0,0.02
2021-10,54.07,22.16,7.07,0.8,10.46,1.88,0.12,2.38,0.83,0,0.04,0.06,0.01,0,0.11
2021-11,55.6,23.46,5.9,0.65,8.3,2.52,0.06,2.42,0.87,0,0.04,0.13,0.01,0,0.05
2021-12,58.56,21.74,4.58,0.55,8.98,1.46,0,3.41,0.63,0,0.03,0.04,0.01,0,0.01
2022-01,64.14,13.6,5.22,0.55,9.28,1.62,0.01,4.79,0.68,0,0.03,0.07,0.01,0,0.01
2022-02,61.37,14.34,5.68,0.54,10.51,1.72,0,4.95,0.74,0,0.03,0.08,0.01,0,0.01
2022-03,60.49,14.7,5.79,0.57,12.33,1.83,0,3.42,0.79,0,0.04,0.02,0.01,0,0.01
2022-04,62.48,14.22,5.89,0.63,11.73,1.61,0.02,2.53,0.69,0,0.05,0.13,0,0,0.02
2022-05,64.38,14.41,6.07,0.6,9.25,2.22,0.02,2.25,0.62,0,0.04,0.1,0.01,0,0.03
2022-06,62.28,15.02,5.83,0.61,10.69,2.43,0.05,2.26,0.65,0,0.04,0.11,0.01,0,0.04
2022-07,60.83,15.72,5.16,0.56,12.42,2.15,0.03,2.22,0.73,0,0.03,0.11,0.01,0,0.03
2022-08,57.79,16.83,5.2,0.55,13.31,2.38,0.04,2.84,0.91,0,0.04,0.07,0.01,0,0.04
2022-09,54.18,17.71,6.43,0.48,14.85,2.26,0.03,2.63,1.26,0,0.05,0.1,0.01,0,0.03
2022-10,52.48,22.78,6.18,0.5,13.44,1.24,0.02,2.04,1.15,0,0.03,0.1,0.01,0,0.02
2022-11,48.68,23.47,5.95,0.51,15.39,2.63,0.03,1.96,1.13,0,0.03,0.18,0.01,0,0.02
2022-12,49.89,20.67,5.4,0.51,18.53,2.01,0.05,1.98,0.8,0,0.03,0.07,0.01,0,0.05
2023-01,52,19.83,5.42,0.48,16.89,1.17,0.02,2.12,1.92,0,0.04,0.05,0,0,0.04
2023-02,53.54,17.67,5.51,0.52,17.62,1.13,0.06,2.44,1.31,0,0.05,0.08,0.01,0,0.06
2023-03,55.07,16.11,5,0.44,18.2,1.05,0.01,2.44,1.59,0,0.03,0.05,0.01,0,0
2023-04,57.41,17.06,4.35,0.42,16.18,0.96,0,1.92,1.6,0,0.04,0.05,0.01,0,0
2023-05,56.64,16.97,4.16,0.47,16.84,0.9,0.04,1.94,1.97,0,0.04,0.03,0.01,0,0.02
