"Date","Facebook","Pinterest","Twitter","Tumblr","reddit","Instagram","StumbleUpon","YouTube","LinkedIn","Google+","Fark","VKontakte","news.ycombinator.com","Digg","Other"
2013-05,53.15,21.6,8.47,0,5.49,0,8.51,1.94,0.25,0.19,0.22,0,0,0.04,0.14
2013-06,52.74,23,8.59,0,5,0,7.74,2.1,0.22,0.19,0.22,0.01,0,0.06,0.13
2013-07,49.07,25.77,9.76,0,4.64,0,7.99,1.91,0.24,0.22,0.21,0.01,0,0.08,0.12
2013-08,47.17,26.23,10.41,0,4.95,0,8.52,1.74,0.27,0.23,0.21,0.01,0,0.13,0.13
2013-09,44.5,28.12,11.17,0,5.59,0,8.2,1.54,0.24,0.24,0.19,0.01,0,0.07,0.13
2013-10,49.5,23.34,10.9,1.98,4.54,0,7.56,1.41,0.19,0.21,0.18,0,0,0.09,0.1
2013-11,50.11,20.1,7,11.97,3.02,0,6.25,0.99,0.11,0.17,0.16,0,0,0.06,0.04
2013-12,49.76,20.53,7.12,12.7,2.93,0,5.5,0.94,0.11,0.16,0.13,0,0,0.06,0.05
2014-01,51.93,22.2,5.83,11.07,3,0,4.68,0.83,0.13,0.16,0.08,0,0,0.06,0.03
2014-02,50.83,22.36,6.08,10.97,3.83,0,4.6,0.88,0.12,0.17,0.09,0,0,0.04,0.03
2014-03,50.44,23.06,6.45,11.5,3.22,0,4.12,0.73,0.1,0.18,0.1,0,0,0.06,0.04
2014-04,48.79,24.28,6.47,12.12,2.87,0,4.52,0.44,0.12,0.19,0.09,0.01,0.01,0.05,0.03
2014-05,48.69,24.04,6.75,11.11,3.3,0,4.93,0.72,0.08,0.19,0.09,0.01,0,0.06,0.03
2014-06,52.97,22.16,7.66,9.34,2.98,0,4.06,0.41,0.03,0.19,0.09,0.01,0,0.04,0.06
2014-07,51.86,24.82,8.94,6.26,3.29,0,3.72,0.6,0.08,0.24,0.1,0.01,0.03,0.03,0.03
2014-08,56.82,23.19,7.97,3.9,3.8,0,3.59,0.25,0.08,0.22,0.08,0.02,0.02,0.03,0.04
2014-09,61.4,20.42,7.03,3.12,4.66,0,2.6,0.37,0.08,0.18,0.06,0.02,0.03,0.02,0.02
2014-10,61.86,22.5,6.23,3.36,2.77,0,2.38,0.39,0.09,0.2,0.05,0.1,0.02,0.04,0.02
2014-11,64.34,22.32,5.27,2.8,2.52,0,2.22,0.17,0.06,0.19,0.04,0.01,0.03,0.01,0.01
2014-12,67.44,20.04,5.25,2.61,2.3,0,1.93,0.08,0.05,0.2,0.04,0.01,0.02,0.02,0.02
2015-01,68.09,20.14,4.53,2.54,2.13,0,2.11,0.04,0.05,0.21,0.05,0.02,0.03,0.03,0.01
2015-02,68.42,17.82,5.15,2.67,2.61,0,2.85,0.04,0.07,0.23,0.06,0.01,0.03,0.03,0.01
2015-03,71.23,15.61,4.42,3.89,2.69,0,1.76,0.04,0.04,0.23,0.04,0.01,0.01,0.01,0.01
2015-04,73.81,14.57,4.77,2.43,2.01,0,1.91,0.05,0.05,0.22,0.05,0.07,0.04,0.02,0
2015-05,73.11,15.13,4.77,2.55,2.2,0,1.74,0.06,0.05,0.27,0.04,0.02,0.03,0.02,0.01
2015-06,73.71,14.91,4.61,2.56,2.01,0,1.74,0.06,0.04,0.24,0.07,0,0.02,0.02,0
2015-07,71.59,16.08,5.08,2.73,2.31,0,1.73,0.08,0.05,0.25,0.03,0.01,0.04,0.01,0
2015-08,69.21,17.46,5.78,2.85,2.27,0,1.82,0.11,0.09,0.32,0.03,0.01,0.02,0.02,0
2015-09,69.32,17.19,5.86,2.72,2.48,0,1.76,0.1,0.11,0.35,0.03,0.02,0.02,0.01,0.02
2015-10,68.28,18.06,5.77,3.08,2.54,0,1.65,0.07,0.13,0.26,0.04,0.01,0.02,0.01,0.1
2015-11,68.94,18.98,5.18,2.45,2.39,0,1.53,0.12,0.07,0.25,0.02,0.01,0.02,0.01,0.03
2015-12,69.01,18.56,5.66,2.51,2.2,0,1.42,0.2,0.08,0.25,0.03,0.01,0.03,0.01,0.02
2016-01,70.56,18.11,5.21,2.25,1.83,0,1.36,0.26,0.09,0.24,0.03,0.01,0.01,0.01,0.01
2016-02,71.59,16.74,6.14,2.06,1.64,0,1.26,0.18,0.13,0.15,0.07,0.01,0.02,0.01,0
2016-03,73.35,13.09,6.62,2.64,2.08,0,1.42,0.28,0.19,0.16,0.11,0.02,0.02,0.02,0.01
2016-04,74.38,11.86,6.72,2.62,2.33,0,1.27,0.31,0.17,0.17,0.08,0.03,0.04,0.01,0.01
2016-05,69.26,17.84,6.45,2.56,1.93,0,1.25,0.25,0.15,0.16,0.08,0.02,0.03,0.01,0
2016-06,69.19,17.71,6.73,2.66,1.8,0,1.13,0.29,0.16,0.15,0.13,0.01,0.02,0.01,0.01
2016-07,69.55,17.89,6.51,2.55,1.52,0,1.23,0.21,0.16,0.12,0.21,0.01,0.02,0.01,0
2016-08,67.58,19.27,6.97,2.66,1.52,0,1.19,0.17,0.15,0.13,0.27,0.07,0.03,0.01,0
2016-09,67.83,19.82,6.7,2.42,1.54,0,1.09,0.1,0.14,0.11,0.19,0.03,0.02,0.02,0
2016-10,69.28,20.18,5.49,2.05,1.33,0.15,0.91,0.08,0.12,0.08,0.28,0.02,0.02,0.01,0
2016-11,71.99,18.21,4.74,1.82,1.03,0.75,0.86,0.09,0.15,0.07,0.21,0.03,0.02,0.01,0
2016-12,65.26,23.26,5.47,2.33,1.09,1.02,0.96,0.15,0.17,0.09,0.16,0.01,0.02,0.01,0
2017-01,68.83,20.58,5.44,1.97,1.05,0.82,0.8,0.14,0.14,0.08,0.1,0.01,0.02,0.01,0.01
2017-02,70.5,18.91,5.7,1.91,1.04,0.72,0.72,0.11,0.14,0.07,0.12,0.01,0.02,0.01,0.02
2017-03,74.83,15.62,5.27,1.47,0.99,0.77,0.6,0.08,0.14,0.06,0.12,0.02,0.02,0.01,0.01
2017-04,68.73,19.97,6.2,1.67,0.92,1.09,0.71,0.25,0.16,0.09,0.13,0.03,0.03,0.01,0.01
2017-05,74.3,14.52,6.68,1.23,0.94,0.73,0.68,0.45,0.17,0.08,0.16,0.03,0.02,0.01,0
2017-06,77.97,13.16,5.12,0.98,0.63,0.79,0.44,0.53,0.17,0.07,0.1,0.02,0.02,0.01,0
2017-07,75.09,14.86,5.76,1.04,0.63,0.98,0.5,0.78,0.16,0.06,0.1,0.03,0.02,0.01,0
2017-08,77.84,13.4,4.66,0.78,0.74,0.81,0.47,0.88,0.18,0.08,0.09,0.04,0.01,0.01,0
2017-09,74.96,15.41,4.75,0.86,1.19,1.08,0.53,0.79,0.23,0.11,0.04,0.03,0.02,0.01,0
2017-10,74.69,15.66,5.17,0.79,1.16,0.91,0.44,0.76,0.21,0.11,0.03,0.03,0.02,0.01,0
2017-11,72.05,17.8,5.17,0.8,0.87,1.35,0.47,1.07,0.27,0.07,0.02,0.04,0.02,0.01,0
2017-12,75.82,15.88,4.25,0.63,0.67,0.96,0.32,1.05,0.16,0.05,0.03,0.15,0.01,0,0
2018-01,76.66,15.18,4.04,0.64,0.59,1.2,0.37,0.99,0.12,0.05,0.06,0.07,0.02,0,0.01
2018-02,79.28,13.6,3.73,0.61,0.49,0.85,0.31,0.92,0.12,0.04,0.03,0.01,0.01,0,0
2018-03,63.83,23.93,5.87,1.14,0.88,1.56,0.55,1.76,0.28,0.1,0.04,0.01,0.03,0.01,0
2018-04,47.56,35.03,8.61,1.49,1.38,1.74,0.67,2.67,0.37,0.3,0.06,0.08,0.03,0,0
2018-05,48.79,35,8.12,1.44,1,1.96,0.64,2.3,0.38,0.13,0.07,0.1,0.04,0,0.01
2018-06,45.85,36.38,9.05,1.57,1.03,2.2,0.61,2.54,0.44,0.2,0.07,0.04,0.02,0,0.01
2018-07,52.33,33.29,7.56,1.22,0.66,1.92,0.29,2.03,0.44,0.13,0.06,0.04,0.02,0,0
2018-08,60.6,27.05,6.86,1.12,0.58,1.58,0,1.66,0.35,0.09,0.05,0.02,0.03,0,0
2018-09,58.53,26.14,9.91,1.3,0.58,1.55,0,1.49,0.34,0.08,0.04,0.03,0.01,0,0
2018-10,56.44,27.28,10.84,1.52,0.52,1.47,0.01,1.49,0.22,0.1,0.05,0.03,0.02,0,0
2018-11,57.82,29.03,6.91,1.57,0.67,1.83,0,1.65,0.3,0.14,0.03,0.02,0.02,0.01,0
2018-12,51.98,35.03,7.14,1.32,1.5,1.31,0,1.27,0.3,0.06,0.06,0.02,0.01,0,0
2019-01,47.82,35.22,9.07,1.02,3.84,1.24,0,1.3,0.32,0.08,0.03,0.03,0.02,0,0
2019-02,53.26,31.04,6.39,0.94,5.23,1.27,0,1.26,0.37,0.08,0.08,0.02,0.06,0,0
2019-03,48.89,36.92,7.53,0.92,2.15,1.87,0,1.31,0.23,0.07,0.06,0.03,0.02,0,0.01
2019-04,48.31,37.26,7.39,0.99,1.78,2.17,0,1.6,0.27,0.03,0.08,0.04,0.06,0,0.03
2019-05,46.25,29.37,7.94,0.93,11.9,1.77,0,1.41,0.29,0,0.07,0.03,0.02,0,0.01
2019-06,54.38,32.66,8,1.04,0.49,1.48,0,1.53,0.26,0,0.08,0.03,0.03,0.01,0.01
2019-07,50.87,35.9,7.81,1.04,0.56,1.87,0,1.6,0.25,0,0.04,0.03,0.01,0.01,0.01
2019-08,53.6,34.55,7.11,0.92,0.72,1.42,0,1.33,0.22,0,0.06,0.03,0.01,0.01,0.01
2019-09,55.75,30.57,7.82,0.79,0.45,2.98,0,1.25,0.3,0,0.03,0.03,0.03,0,0
2019-10,51.28,22.77,15.12,0.67,0.51,7.86,0,1.4,0.26,0.01,0.03,0.02,0.04,0,0.01
2019-11,49.67,22.18,17.28,0.56,0.45,8.23,0,1.29,0.19,0,0.03,0.09,0.02,0,0.01
2019-12,50.67,19.18,19.04,0.49,0.46,8.8,0,1.16,0.13,0,0.02,0.03,0.02,0,0.01
2020-01,42.33,20.7,23.47,0.55,0.51,10.86,0,1.32,0.17,0.01,0.02,0.02,0.02,0,0.01
2020-02,43.35,18.37,24.08,0.51,0.47,11.69,0,1.31,0.16,0,0.02,0.03,0.01,0.01,0
2020-03,42.08,16.11,25.69,0.5,0.45,13.57,0,1.34,0.21,0,0.03,0.01,0.01,0,0
2020-04,38.24,19.56,25.54,0.55,0.59,13.73,0,1.54,0.19,0,0.02,0.01,0.02,0,0.01
2020-05,55.89,29.86,9.01,0.89,0.71,1.41,0,1.82,0.3,0,0.06,0.01,0.03,0,0.01
2020-06,61.99,24.28,9.42,1.01,0.65,0.71,0,1.59,0.28,0,0.04,0.01,0.02,0,0
2020-07,61.34,23.61,10.55,0.81,0.69,0.84,0,1.73,0.32,0.01,0.04,0.01,0.04,0,0
2020-08,62.89,22.24,10.46,0.86,0.57,0.85,0,1.66,0.4,0,0.04,0.01,0.02,0,0
2020-09,63.39,21.1,10.84,1.03,0.58,0.94,0,1.67,0.35,0,0.04,0.01,0.04,0,0
2020-10,60.51,21.03,14.43,0.74,0.62,0.76,0,1.46,0.37,0,0.04,0.01,0.03,0,0
2020-11,51.72,21.66,21.96,0.7,0.49,1.41,0,1.44,0.53,0,0.04,0.01,0.04,0,0
2020-12,56.73,22.57,16.56,0.49,0.49,1.23,0,1.36,0.46,0,0.06,0.01,0.05,0,0
2021-01,60.68,20.02,14.47,0.56,0.65,1.56,0,1.56,0.42,0,0.04,0.01,0.02,0,0
2021-02,65.83,16.85,11.31,0.6,0.68,2.28,0,1.7,0.59,0,0.07,0.01,0.06,0,0
2021-03,65.8,17.6,10.45,0.49,0.66,2.79,0,1.7,0.4,0,0.06,0.01,0.04,0,0
2021-04,67.27,15.34,10.17,0.57,0.77,3.45,0,1.74,0.53,0,0.08,0.01,0.06,0,0
2021-05,71.78,12.4,9.15,0.44,0.77,3.28,0,1.63,0.4,0,0.07,0.01,0.05,0,0
2021-06,71.3,11.16,9.97,0.48,0.63,4.38,0,1.59,0.38,0,0.09,0.01,0.01,0,0
2021-07,76.16,9.46,7.76,0.52,0.78,3.54,0,1.36,0.31,0,0.06,0.01,0.05,0,0
2021-08,73.55,10.21,9.25,0.65,0.91,3.45,0,1.49,0.34,0,0.12,0.01,0.01,0,0.01
2021-09,68.86,12.34,10.3,0.57,1.01,4.66,0.01,1.64,0.47,0,0.08,0.01,0.03,0,0.03
2021-10,70.81,11.53,8.89,0.43,1.11,5.21,0.01,1.51,0.37,0,0.08,0.01,0.03,0,0.01
2021-11,66.72,12.19,10.99,0.39,1.62,5.92,0,1.6,0.36,0,0.08,0.01,0.08,0,0.03
2021-12,70.56,11.27,9.65,0.34,1.18,5.21,0,1.35,0.33,0,0.06,0.01,0.02,0,0.02
2022-01,73.48,9.18,8.44,0.3,1.04,5.68,0,1.4,0.36,0,0.05,0.01,0.04,0,0.02
2022-02,71.85,9.95,8.62,0.3,1.06,6.36,0,1.38,0.3,0,0.1,0.01,0.04,0,0.01
2022-03,70.54,9.6,8.62,0.3,1.09,7.91,0,1.44,0.41,0,0.05,0.01,0.01,0,0.01
2022-04,73.34,8.74,8.15,0.26,0.9,6.82,0.01,1.34,0.32,0,0.03,0.01,0.05,0,0.02
2022-05,73.72,8.23,9.74,0.24,1.15,5.35,0,1.25,0.2,0,0.07,0.01,0.04,0,0.01
2022-06,71.28,8.55,9.84,0.26,1.27,7.19,0.01,1.25,0.22,0,0.05,0.01,0.05,0,0.01
2022-07,71.98,8.09,9.61,0.25,1.19,7.3,0.01,1.25,0.22,0,0.05,0.01,0.03,0,0.01
2022-08,68.3,8.85,10.61,0.24,1.48,8.35,0.01,1.62,0.38,0,0.09,0.01,0.03,0,0.03
2022-09,64.21,12.11,10.93,0.23,1.53,8.89,0.01,1.58,0.39,0,0.07,0.01,0.04,0,0.01
2022-10,56.86,15.34,12.84,0.3,1.11,10.86,0.01,2.17,0.38,0,0.07,0.01,0.05,0,0.01
2022-11,51.83,16.25,13.25,0.45,1.94,13.49,0.01,2.14,0.45,0,0.09,0.01,0.1,0,0.01
2022-12,49.93,15.85,14.87,0.31,1.55,14.84,0.01,2.13,0.37,0,0.09,0.01,0.04,0,0.01
2023-01,52.67,12.67,18.87,0.29,1.06,11.64,0.01,2.02,0.68,0,0.04,0.01,0.03,0,0.03
2023-02,55.1,12.34,16.48,0.29,0.92,12.26,0.02,1.94,0.49,0,0.06,0.01,0.05,0,0.02
2023-03,53.09,12.77,16.25,0.28,0.91,13.85,0.03,2.08,0.6,0,0.06,0.01,0.04,0,0.03
2023-04,51.95,11.46,19.47,0.27,0.96,13.38,0.02,1.86,0.49,0,0.07,0.01,0.04,0,0.03
2023-05,50.26,11.56,19.61,0.35,0.94,14.71,0.02,1.95,0.5,0,0.06,0.01,0.02,0,0.01
